Track name,Artist name,Album,Playlist name,Type,ISRC,Spotify - id
"In Dub We Trust - Amapiano Mix","Lukado","Assorted Rythms","Jahzlise","Playlist","GBKQU2439530","0G2jRhvXitWZdpXba7Hry3"
"Sho Sho","Djy Tukzin.T","Ditokelo Tsa Tokelo","Jahzlise","Playlist","QZWDW2559216","2D3o9HZObdhciajlB8BGf5"
"Something Got Me","Moon Rocket","Something Got Me","Jahzlise","Playlist","QZ63N2500520","5GhNe9M5ksAn07PNtjm8Ja"
"Skhala Sbaningi","Simplekeyz","KEYZ","Jahzlise","Playlist","QZTB62505471","4dTTEoZfjn2eWdsuMnhK5u"
"Liberation","Ording","Liberation","Jahzlise","Playlist","DEH742515906","39HKCcz0IhZ3uOEqZs5IDy"
"Step Into My Symphony","MJ Wemoto","Step Into My Symphony","Jahzlise","Playlist","CAGOO2578659","6mTQn6MCmzP7fzLFfvRO8n"
"Push","No Wahala","Push","Jahzlise","Playlist","QZTB92563884","3G8oGm0dOXzKFDkUSU1tq4"
"Parting Ways","Alex Moldovanos","See You Again","Jahzlise","Playlist","TCAJU2507466","4eVjghiuKqCTxvwey8N6ql"
"Just A Vibe","Nebulae Waves","Just A Vibe","Jahzlise","Playlist","US3DF2556919","4l8DIZ5IDjpkgRbIn6rwnI"
"Salt","Xblaze","Salt","Jahzlise","Playlist","TCAJU2509129","1U5BuLjGiiOeAzp3osqOmp"
"Citrus","philocalie","Citrus","Jahzlise","Playlist","US3DF2570831","7nPoZY4fXVjkVD5Av6LIZk"
"Needed You - Original Mix","Anthony Mea","Romance Soul","Jahzlise","Playlist","UKACT2580067","5TkjkVKzbgX3I8WMkkzNff"
"Behind the Rain - Part 2","TimAdeep","Day of Days","Jahzlise","Playlist","ZB9YU2500019","2faA4dGOQZkDELQzEKBJaa"
"Dance With Fire","Majorie Music","AfroMina","Jahzlise","Playlist","USLZJ2576433","0yNw097xsPKmqRSiw4FXGx"
"City Life - Maya Jane Coles Remix - Mixed - July 2025","DJ T.","Get Physical Radio by Mitch Oliver","Jahzlise","Playlist","DEBE72500480","0MaparNuvgbOwL0HxaYNtG"
"Now What?","MRTN","ORIGEN","Jahzlise","Playlist","QZTBA2554791","5K9lSLU6piHBUmWbv7V11Z"
"Ghetto Prayer","Tšegetšege","Ghetto Prayer","Jahzlise","Playlist","QZDA82582393","4i6utuwaYi6V5GJnO8M9vu"
"Crave (Original mix)","Carolina Marvelli","Crave","Jahzlise","Playlist","DEZN82523202","6jEeK0Wu55SdrkB1Ub8uVI"
"Modulate - Radio Edit","Sean McCabe","Soulful Deep & Dope 2025","Jahzlise","Playlist","GBENT1679667","7qaH4Ls5BdZXd3BGzqP5YF"
"Djarypop - Version 3","Matias fm","Mix Pop the Live","Jahzlise","Playlist","GBLFP2507167","4dYud7mu8txvWTr6EYrel3"
"Rest in Yourself","Magasine","Underneath","Jahzlise","Playlist","CH6542535413","56IPe1gZ33ew1OBPCrzWCA"
"MATTERS OF THE HEART","Gron","MATTERS OF THE HEART","Jahzlise","Playlist","ZA44F2500007","73IA0F18g4YoFEbZVrQHEe"
"THERAPY","Sir Khalifa","Hybrid","Jahzlise","Playlist","QZNWX2538791","7MMSaSHbmhzXiqMRa3HnWz"
"Golden cLoud","Lukado","Sound System City","Jahzlise","Playlist","GBKQU2543185","7FwwueKxS7pulUhBp9Up5n"
"In My Dreams","Girls of the Internet","In My Dreams","Jahzlise","Playlist","GBKMS2500028","00e1pgUUpOSk7dfbxXOjrq"
"Dreamers","Mansa","Dreamers","Jahzlise","Playlist","SE5Q52501371","3JJoutpKOjZBHZmxSebsjd"
"Hazy Coco","Palm Wax","Hazy Coco","Jahzlise","Playlist","QZWFH2457242","0wBe8BgUfOTBJb9SFntJhS"
"Irma - Mixed","Maestro & Vezzola","Deep Trip (Mixed by DJ Maestro)","Jahzlise","Playlist","NLD682500886","19P4R5yGcVxMpvDOJBA1mQ"
"Behave","Lukado","Amapiano Grooves","Jahzlise","Playlist","GBKQU2185685","7CGiph2S5j4MM6WfeiNzma"
"Better Days","DJ Presley Last King","Deepyano Seduction","Jahzlise","Playlist","GX4R52582044","0zSPRF9USvRbqFtpQ14jcQ"
"Superman - Club Mix","Andy Keys","Maturo","Jahzlise","Playlist","ZANVW2500062","5rBDK9SA9qa5yJra1iCPuV"
"Up All Night","Painted Dunes","Up All Night","Jahzlise","Playlist","QZTB42526139","00cO8ZymJQQlHoiV1S2EtM"
"The Unheard","Session Victim","Sidequests Chapter One","Jahzlise","Playlist","GBZHR2500440","04l8j2hzfle3d7SdYlHSna"
"Swallow My Pride","Sir Khalifa","Swallow My Pride","Jahzlise","Playlist","QZTAY2594954","7yzoNtMB2OMCK8zuhDyPKD"
"Gone Forever","Luxury SA","Gone Forever","Jahzlise","Playlist","GX53U2510705","3Wi9tC0XTKgKkFirLBiufv"
"La Sera, La Discoteca, La Spiaggia","Alessandro Rotter","La Sera, La Discoteca, La Spiaggia","Jahzlise","Playlist","DEBY41200934","5WEAZzVEXyRhzMyoxKhxAT"
"Retro Trans","Oliver Noah","Retric Soul","Jahzlise","Playlist","TRAZA2200116","0xzNVKyfxeWLmHxle21ORz"
"Your Loving - Boddhi Satva Ancestrumental Mix","Kaysha","Your Loving (Remixes)","Jahzlise","Playlist","FRX202233548","6YJlndg3OX4qJHuaS5sHQH"
"Backside","Ovrik Rumbledore","Heartbeats","Jahzlise","Playlist","QZ5FN2587585","706oZuXFObgJQSZeiU90Ia"
"Deepyano Guru","DJ Presley Last King","Deepyano Only, Vol. 1","Jahzlise","Playlist","GX4R52524131","6IZto0OKAOzvjIoQdGDpY5"
"Patterns","NRMNT","Patterns","Jahzlise","Playlist","US3DF2574678","7LJYEY812V0jz8r8X5PYEM"
"Gleis 13","Juno Friedrich","Gleis 13","Jahzlise","Playlist","QZTB22510606","7wVr4CCtnlsZZhP4oQFNGT"
"Palm Springs - Mixed","Aberton","fabric presents Laurent Garnier: House Odyssey (Mixed)","Jahzlise","Playlist","GBEXH2402111","6rd6TF4ApqcPoudSLIQKlr"
"Elephants - Mixed","Art of Tones","Deep Trip (Mixed by DJ Maestro)","Jahzlise","Playlist","NLD682500889","1WS8Xqy0Sn7n89IXjqHtGG"
"Word","Magasine","Word / Texture","Jahzlise","Playlist","CH6542535410","5nchqpPaJ7NT4BNr0odwDJ"
"Do It Behind","Nicole Frency","Do It Behind","Jahzlise","Playlist","GBLLT1810040","2WDo4bHEITHzngwBAIUD3C"
"Microparanoias","Franky Carbone","Microparanoias","Jahzlise","Playlist","US83Z2423492","5csAREN23hxecfhyMr0bf4"
"Flash","Retroboom Beats","Orange","Jahzlise","Playlist","GX53U2078898","1CN5n0ctmps1E6CovguaJN"
"Parking Lot - Colombiana Trap Mix","Lukado","You Never Know","Jahzlise","Playlist","GBKQU2087072","79FFyBWgYeqY5mLW0NcAjc"
"In this life - Original Mix","Kek'star","Analog World","Jahzlise","Playlist","QZWDD2560445","2ftDCCi4DcyQhQFeVXnPAZ"
"Legend Of The Log Drum","Bluenax","Legend Of The Log Drum","Jahzlise","Playlist","GX53U2530200","0w4LNF60kJQgFD3N3cTa4y"
"Game","G2 Beatzz","Game","Jahzlise","Playlist","SE6XX2515392","0NtbdqvyvJ95mR9yf60FaK"
"Love Letter","De nax","Love Letter","Jahzlise","Playlist","CAGOO2568608","2t2RHFPB94ahXit6yU1iN3"
"Harvard","Izzy Beatzz","Harvard","Jahzlise","Playlist","SE6XX2559188","5ImBw02LErUiDUN2WLHQ4A"
"Arigato - Instrumental","MJ Wemoto","Moshinstrumentals","Jahzlise","Playlist","QZES72519633","0yxK2bnm4475jLpni4dsk9"
"Ama piano Dance","A'GES Production","Ama piano Dance","Jahzlise","Playlist","GX4R52435665","66FTFPZMmIVOWvcLrVIAaX"
"Veins","Molz Magic","Veins","Jahzlise","Playlist","SE6XX2527832","2CeJnr1foLr5f6MmiFGVPx"
"Blank Pages","Calvin Fallo","Distorted","Jahzlise","Playlist","US23A1590382","0GZMIJSAciPsSfNKwKK8CG"
"A Night to Remember","Alex Moldovanos","See You Again","Jahzlise","Playlist","TCAJT2506328","3RxPOj7ST5OTDgGp2b2NkB"
"Koloku","Saamaka Beats","Kalu","Jahzlise","Playlist","NL5UZ2408235","1uYSJAq9oplP64DiCJxtI9"
"Sweet Nothings","Simplekeyz","KEYZ","Jahzlise","Playlist","QZTB62505472","3JOeyZO7w8Q3R9DKySi2ML"
"Gimme Dat","G2 Beatzz","Gimme Dat","Jahzlise","Playlist","QZTB42551879","0ZddgmpyRrIvfESPf5Zltj"
"7wik","Black9ett","7wik","Jahzlise","Playlist","QZTAW2528532","0H8N0vYQB8WeawlUbg6Dcc"
"Bundenza - Radio Mix","MVDI","Bundenza","Jahzlise","Playlist","US83Z2521182","4D1lK55Gle0AewAWv3Isht"
"Dikpokpo","Saamaka Beats","Kalu","Jahzlise","Playlist","NL5UZ2408225","3Apa3reVXjDT8EpFK05o38"
"Bazaruto","uLazi","Wethu","Jahzlise","Playlist","ZAC012500620","7qNsapVvlLn56NKIlJelCp"
"Minded","G2 Beatzz","Minded","Jahzlise","Playlist","QZTB42551872","3m0mnlxjRZc1YIYHPXPSpB"
"Phase","Spromson","Serenity (Amapiano Journey)","Jahzlise","Playlist","SE6SA2419130","3zvum61OoycHQ6iNL6De1e"
"Echoes Interlude","MJ Wemoto","Moshi","Jahzlise","Playlist","QZHN82445920","4bZOOo9xL5ZWQ2WtOL12vl"
"Mountain","DVMVR MUSIC","Mountain","Jahzlise","Playlist","NL5UZ2501576","46klESA9DjXld7USyo3YOc"
"Izimingaliso - Radio Edit","kablou de small","The Encharnted 2 (Radio Edit)","Jahzlise","Playlist","ESA012563747","2R4v88IJExvMjXdVlr7Zzk"
"Rekere 3.2.5 (Stellenbosch mix)","Katerman325","The Lowbass Gawd vol.1","Jahzlise","Playlist","QZTB72500806","6wqvC94XXPGNYaPEwAAcbI"
"CLASSIC","Zubby Beats","CLASSIC","Jahzlise","Playlist","QZWDW2420298","51CUHu1XJMLzfWDngLLmNZ"
"Time Machine","Djy Ndibu","King Of Private School Piano","Jahzlise","Playlist","CAHQJ2543748","5COJ0fsUSTorbF1kZV0AmV"
"Piano Pulse","Zkeys za","Melodic Mirage","Jahzlise","Playlist","GXFHP2477871","4QTFsXCGTUTWTrtgIXNLKs"
"Simnandi","uLazi","Wethu","Jahzlise","Playlist","ZAC012500623","6C1L1rIil38yhAGTWIGBSL"
"Zone","G2 Beatzz","Zone","Jahzlise","Playlist","SE6XY2580167","7KpP3f7vMuRWqi232twHyA"
"UMA","Adan","UMA","Jahzlise","Playlist","QMBZ92467372","7h11HRVK1vXGyeV5WITHxT"
"Breathe With You","Majorie Music","AfroMina","Jahzlise","Playlist","USLZJ2576448","37uJlJLlPuaY7HtCRW55ci"
"Safari Moon","SONOVA","Safari Moon","Jahzlise","Playlist","QZTB82508966","4O4Od9L2NBZlUk7vcfZ2wE"
"Chilled Amapiano Sunrise","Lounge Bar","Chill Amapiano Vibes","Jahzlise","Playlist","QT2VB2429117","635s6FoHLkSVd4e86LGoAf"
"Gqumshe","uLazi","Wethu","Jahzlise","Playlist","ZAC012500618","3Vcp52ONxb29AX75XxFQpS"
"Realize","Nawtyboi Tattoo","Amapiano EP","Jahzlise","Playlist","QZTB22338371","3RZ4jwfPBAudcSAutB0P5S"
"One Day It’ll All Make Sense","Waroxe","One Day It’ll All Make Sense","Jahzlise","Playlist","FR9W12519070","0fE9IBfvGPM1oriXlTKSDL"
"Your shadow","Rakvo","Your name","Jahzlise","Playlist","QZTB52537128","4x3V8DwvYr9ud13AzbEdTH"
"LileDrama Yazi","MJ Wemoto","LileDrama Yazi","Jahzlise","Playlist","CAHQJ2507420","18yvqwy0kKjW82imsEGbHv"
"Afrobeats Study Music","Lazy Vibes","Aftrobeats Lo Fi Hip Hop Study Work Gaming Streaming Music","Jahzlise","Playlist","QZP7F2556159","1EqmdXiUzD7Ad5DIPHXQDj"
"BURN (AFROHOUSE MIX)","BÖRG","BURN (AFROHOUSE MIX)","Jahzlise","Playlist","QZFZ42571884","39K6Gtff1BiNtDcyf56dDx"
"Mkpakpa (Instrumental)","TownCryer","Mkpakpa (Instrumental)","Jahzlise","Playlist","USCGH2564368","1ghjqYQBjoSraHsHzB7iDt"
"100% Attention - Instrumental","Kayy One","100% Attention (Instrumental)","Jahzlise","Playlist","GX53U2512485","1qpjuKpjki5za6Crtev8XG"
"Amapiano Prayers","Djy Ndibu","Amapiano Prayers","Jahzlise","Playlist","GXFHP2455344","0natqvZhCPPOTg9U13u3RP"
"Zya' khala","Ngomsz Music","Zya' khala","Jahzlise","Playlist","SGW502291113","66T1gl91pqa0HaVKQHOZzr"
"Destance","G2 Beatzz","Destance","Jahzlise","Playlist","SE6XX2505522","0HCpEUqqLt55WX7LmGR8XE"
"War Cry","Voltage Rsa","Masedi","Jahzlise","Playlist","SE6XX2551392","5O6IeMkMA6WJK4Q7HR9o0a"
"Project 3577","Major_Keys","Pray, Wait, Trust","Jahzlise","Playlist","ZA56E2528386","0nV1xcS2GLP3ZBXDmXf4ib"
"Yebba Yebba","Tycoon","Khoto Series","Jahzlise","Playlist","ZA56E2528421","37qf5BcoYzriNfy4uopvRz"
"Lufuno","De nax","Lufuno","Jahzlise","Playlist","TCAHD2393804","0Ci2OY4eqkhR3qtQ55jLrv"
"Ama Baby Amapiano","Faya-Rico Jackpot","Amapiano Forever","Jahzlise","Playlist","GBLFP2489613","0TtHs44NPf3HnPRcZJgxjD"
"Monate Sii (feat. Kaytee & 4Tune)","Major_Keys","Pray, Wait, Trust","Jahzlise","Playlist","ZA56E2528385","49wrypgZRfqTtzqZaj0Wep"
"Cana","G2 Beatzz","Cana","Jahzlise","Playlist","SE6XY2531502","6hAHlbfLZ4EmtWOYteTKJq"
"Maku","Saamaka Beats","Kalu","Jahzlise","Playlist","NL5UZ2408238","6OBerak81VtfkYETPFRjyZ"
"Into You","De nax","Into You","Jahzlise","Playlist","TCAIE2466777","7G3P3quUpCD3zjss7AYqiL"
"Snekeneke","DJ Manzo Sa","ama45","Jahzlise","Playlist","ZA4PM2300805","4LwIcdkuYEklYynJnU2wKu"
"Back2Kasi","ScoobySteeze","Back2Kasi","Jahzlise","Playlist","DEY472575583","2rnlDshq0H2lZJOADu0LXT"
"My feelings for you","Faya-Rico Jackpot","Hype me","Jahzlise","Playlist","NL5UZ2407317","4dMiEcTfYKNiWSfGeEQR3O"
"Lift Me - Instrumental","NETUNEZ PROMOTIONS","Lift Me (Instrumental)","Jahzlise","Playlist","QZHNA2590523","5AFxDgLcC4jdOMX0Y0fJea"
"Ni Nkhangwele","De nax","Ni Nkhangwele","Jahzlise","Playlist","TCAHN2300591","5Iiu2Eg58fkz3a1Alotj4t"
"3. BARLARD 1","Tumza D'Kota","Jaiva Series 3","Jahzlise","Playlist","QM6P42557359","31pjypmNmP6T0NL9iXhlM9"
"Amapiano Shaik","Faya-Rico Jackpot","Amapiano Forever","Jahzlise","Playlist","USX9P2313383","2yrhgdM8NVnqyWt9IYglGv"
"Sikelel' ipiano","De nax","Las Vendas","Jahzlise","Playlist","QZHN92124170","7eGlYjQWOTW9Kpopyukjm9"
"Being With You","Majorie Music","AfroMina","Jahzlise","Playlist","USLZJ2576411","46p1ehfR2BIogXK7ukTyun"
"U Do Nndwela","De nax","U Do Nndwela","Jahzlise","Playlist","CALVP2503573","4Wx2rlYW9u7zaxe7Upy8xV"
"Litle ting","Faya-Rico Jackpot","Litle ting","Jahzlise","Playlist","SE5BU2459030","0zkqBOjOVY3CMSlhXZ7pWQ"
"Germ","Beats by Rhyzo","Rhythmz suite","Jahzlise","Playlist","QZWDD2418391","4eq46WgOLaxMxlhrvWTdYk"
"Deep Down","G2 Beatzz","Deep Down","Jahzlise","Playlist","SE6XX2513712","3YVmKUhL24GnRGilICAk9z"
"Seaside Shuffle","Inny Doe","Seaside Shuffle","Jahzlise","Playlist","QZZ8B2426709","7EGTt2FlNXhbcafQ4gRCHh"
"Valentine's","De nax","Valentine's","Jahzlise","Playlist","TCAJI2596275","0ZLGxzEQH0wdl1aWfVRbjX"
"Party - Instrumentals","Olumix","SHADOWS AND LIGHT (Instrumentals)","Jahzlise","Playlist","QZTB92437405","2BXR9WHRiQYWAsKr3wXatO"
"Hot pepe","Faya-Rico Jackpot","Hot pepe","Jahzlise","Playlist","SE6XY2359818","3jRKDKnOXjHfmu0HuNEb0O"
"Ghetto boy","Ada mmeso","Ghetto boy","Jahzlise","Playlist","QZTBE2496309","2koWd4H0EUyYy4QiQJ07Z3"
"Ndavha","De nax","Ndavha","Jahzlise","Playlist","CAENV2544140","7qoHk6s5Siwdp4Rtbxj7US"
"Sisi","Achipite","Sisi","Jahzlise","Playlist","GX53U2341653","59hJiqFCnTzD9d3cARnhvx"
"Amapiano Hete Peper","Faya-Rico Jackpot","Amapiano Forever","Jahzlise","Playlist","USHM82385109","4LUPE92miJAiW12goSADGd"
"Umthwalo Wam","JazzSoul Mdu","Umthwalo Wam","Jahzlise","Playlist","ZAQDH2500012","4iouNtG7KACVLo7J4ExxO4"
"Konka","De nax","Ndi Funa Mapiyano","Jahzlise","Playlist","TCAHB2322550","0jQjEB3JPBa33ljZVBzhn3"
"Tired Spirit","G2 Beatzz","Tired Spirit","Jahzlise","Playlist","SE6XX2514851","6wpzPGbCE3qmAfWQWwg7GS"
"Bleus","Retroboom Beats","Orange","Jahzlise","Playlist","GX53U2078897","249tusXAr8Y7NjtPOzTcur"
"Saxolin Riddim","Yega","Saxolin Riddim","Jahzlise","Playlist","QZPYN2551607","4RPj71cJe9WPkPe3PXuphX"
"Amapiano Only You","Faya-Rico Jackpot","Amapiano Forever","Jahzlise","Playlist","GBLFP2489612","7It1VU1wnbVckFA6ZYeqan"
"Masindi","De nax","Masindi","Jahzlise","Playlist","TCAJL2523541","4TfjyR9ib2azQlsnD5f5P1"
"Good Days","KSG","Good Days","Jahzlise","Playlist","USLZJ2310417","68UH3ynuRBVvIzTItrKieW"
"Water Uia","OIIA Cat","Water Uia","Jahzlise","Playlist","IDCHD2590077","7Jw9KyHk0tmfkJNmQSyWVB"
"Io_io_nao_na","SandyMelody","The Long-Suffering","Jahzlise","Playlist","GBMA22528628","0TlFlHrfcCr7vHsUTmskho"